#{"t_start": 1764117874.6536288, "env_id": "dm_control/cartpole-balance-v0"}
r,l,t
564.784881,1000,203.656766
564.564737,1000,204.726903
565.191319,1000,205.616215
579.840937,1000,206.55333
556.608974,1000,207.457165
560.75975,1000,208.339031
560.228744,1000,209.25637
569.566484,1000,210.157928
578.889076,1000,211.03637
572.583464,1000,211.896088
