#{"t_start": 1764117598.055836, "env_id": "dm_control/cartpole-balance-v0"}
r,l,t
545.908096,1000,195.848553
510.521675,1000,196.740424
553.074748,1000,197.622519
548.300152,1000,198.514284
522.398491,1000,199.4996
574.033668,1000,200.55275
583.073675,1000,201.503254
535.241421,1000,202.400388
545.748592,1000,203.268623
584.123388,1000,204.210608
