#{"t_start": 1764117597.8087454, "env_id": "dm_control/cartpole-balance-v0"}
r,l,t
418.290885,1000,2.933496
398.88072,1000,19.165267
280.928382,1000,40.279468
361.885393,1000,61.472887
364.964735,1000,83.234983
297.404694,1000,105.257481
294.313835,1000,127.322236
368.655026,1000,151.62802
443.801764,1000,172.973533
444.719378,1000,195.149527
453.875748,1000,226.613977
549.048547,1000,248.29846
