#{"t_start": 1764117874.5069451, "env_id": "dm_control/cartpole-balance-v0"}
r,l,t
413.684919,1000,3.603066
361.880753,1000,21.473675
389.955753,1000,42.754238
269.273889,1000,64.417414
342.696382,1000,85.366395
343.549573,1000,107.211262
344.016733,1000,134.185635
323.576328,1000,158.180986
648.070856,1000,181.39962
510.314829,1000,202.657776
553.034626,1000,233.122589
609.593783,1000,254.90112
